listingyear,hometype,soldhomes,percent
2017,residential,13,3.125
2017,patio home,1,2.941176470588235
2018,residential,25,6.009615384615385
2018,patio home,1,2.941176470588235
2018,townhome,5,15.625
2019,residential,36,8.653846153846153
2019,patio home,3,8.823529411764707
2019,townhome,9,28.125
2020,residential,39,9.375
2020,patio home,3,8.823529411764707
2020,townhome,5,15.625
2021,residential,24,5.769230769230769
2021,patio home,1,2.941176470588235
2021,townhome,4,12.5
